{"stats":{"minecraft:picked_up":{"minecraft:stick":21,"minecraft:bone":1,"minecraft:tropical_fish":4,"minecraft:wheat_seeds":1,"minecraft:sand":24,"minecraft:sugar_cane":41,"minecraft:string":6},"minecraft:killed":{"minecraft:skeleton":1,"minecraft:spider":2,"minecraft:husk":2,"minecraft:tropical_fish":4},"minecraft:dropped":{"minecraft:sand":7,"minecraft:wheat_seeds":1,"minecraft:string":2,"minecraft:stick":19,"minecraft:bone":1},"minecraft:used":{"minecraft:sand":3,"minecraft:tropical_fish":4},"minecraft:mined":{"minecraft:short_grass":6,"minecraft:dead_bush":23,"minecraft:sand":24,"minecraft:sugar_cane":10,"minecraft:fern":1},"minecraft:custom":{"minecraft:time_since_rest":10270,"minecraft:crouch_one_cm":910,"minecraft:play_time":31026,"minecraft:sprint_one_cm":89395,"minecraft:damage_taken":825,"minecraft:walk_one_cm":62617,"minecraft:deaths":6,"minecraft:sneak_time":398,"minecraft:walk_under_water_one_cm":10154,"minecraft:mob_kills":10,"minecraft:drop":24,"minecraft:jump":675,"minecraft:damage_dealt":976,"minecraft:leave_game":10,"minecraft:walk_on_water_one_cm":3212,"minecraft:time_since_death":10150,"minecraft:total_world_time":31026,"minecraft:climb_one_cm":157,"minecraft:swim_one_cm":8259,"minecraft:fall_one_cm":15920,"minecraft:fly_one_cm":247499}},"DataVersion":3953}