{"stats":{"minecraft:picked_up":{"minecraft:stick":8,"minecraft:bone":1,"minecraft:wheat_seeds":1,"minecraft:sand":7,"minecraft:string":2},"minecraft:killed":{"minecraft:skeleton":1,"minecraft:spider":1},"minecraft:dropped":{"minecraft:sand":7,"minecraft:wheat_seeds":1,"minecraft:string":2,"minecraft:stick":8,"minecraft:bone":1},"minecraft:mined":{"minecraft:short_grass":6,"minecraft:dead_bush":7,"minecraft:sand":7,"minecraft:fern":1},"minecraft:custom":{"minecraft:time_since_rest":1752,"minecraft:crouch_one_cm":340,"minecraft:play_time":12580,"minecraft:sprint_one_cm":37430,"minecraft:damage_taken":480,"minecraft:walk_one_cm":11967,"minecraft:deaths":3,"minecraft:sneak_time":95,"minecraft:walk_under_water_one_cm":349,"minecraft:mob_kills":3,"minecraft:drop":15,"minecraft:jump":275,"minecraft:damage_dealt":305,"minecraft:leave_game":9,"minecraft:walk_on_water_one_cm":1065,"minecraft:time_since_death":1723,"minecraft:total_world_time":12580,"minecraft:climb_one_cm":157,"minecraft:swim_one_cm":3262,"minecraft:fall_one_cm":7266,"minecraft:fly_one_cm":154580}},"DataVersion":3953}