{"stats":{"minecraft:mined":{"minecraft:short_grass":6,"minecraft:dead_bush":7,"minecraft:sand":7,"minecraft:fern":1},"minecraft:picked_up":{"minecraft:stick":8,"minecraft:wheat_seeds":1,"minecraft:sand":7},"minecraft:dropped":{"minecraft:sand":7,"minecraft:wheat_seeds":1,"minecraft:stick":8},"minecraft:custom":{"minecraft:time_since_rest":79,"minecraft:crouch_one_cm":272,"minecraft:play_time":5640,"minecraft:sprint_one_cm":19228,"minecraft:deaths":1,"minecraft:damage_taken":220,"minecraft:walk_one_cm":4630,"minecraft:sneak_time":79,"minecraft:walk_under_water_one_cm":83,"minecraft:drop":13,"minecraft:jump":158,"minecraft:leave_game":7,"minecraft:walk_on_water_one_cm":418,"minecraft:time_since_death":51,"minecraft:climb_one_cm":157,"minecraft:total_world_time":5640,"minecraft:swim_one_cm":677,"minecraft:fall_one_cm":4282,"minecraft:fly_one_cm":121715}},"DataVersion":3953}