{"stats":{"minecraft:picked_up":{"minecraft:stick":17,"minecraft:bone":1,"minecraft:tropical_fish":4,"minecraft:wheat_seeds":1,"minecraft:sand":10,"minecraft:sugar_cane":41,"minecraft:string":6},"minecraft:killed":{"minecraft:skeleton":1,"minecraft:spider":2,"minecraft:husk":2,"minecraft:tropical_fish":4},"minecraft:dropped":{"minecraft:sand":7,"minecraft:wheat_seeds":1,"minecraft:string":2,"minecraft:stick":17,"minecraft:bone":1},"minecraft:used":{"minecraft:sand":3,"minecraft:tropical_fish":4},"minecraft:mined":{"minecraft:short_grass":6,"minecraft:dead_bush":21,"minecraft:sand":10,"minecraft:sugar_cane":10,"minecraft:fern":1},"minecraft:custom":{"minecraft:time_since_rest":3820,"minecraft:crouch_one_cm":432,"minecraft:play_time":24576,"minecraft:sprint_one_cm":69741,"minecraft:damage_taken":825,"minecraft:walk_one_cm":52625,"minecraft:deaths":6,"minecraft:sneak_time":317,"minecraft:walk_under_water_one_cm":10154,"minecraft:mob_kills":10,"minecraft:drop":22,"minecraft:jump":605,"minecraft:damage_dealt":976,"minecraft:leave_game":9,"minecraft:walk_on_water_one_cm":3212,"minecraft:time_since_death":3700,"minecraft:total_world_time":24576,"minecraft:climb_one_cm":157,"minecraft:swim_one_cm":8259,"minecraft:fall_one_cm":14546,"minecraft:fly_one_cm":227803}},"DataVersion":3953}