{"stats":{"minecraft:mined":{"minecraft:dead_bush":7,"minecraft:sand":7},"minecraft:custom":{"minecraft:jump":63,"minecraft:time_since_rest":2825,"minecraft:damage_taken":20,"minecraft:crouch_one_cm":160,"minecraft:leave_game":2,"minecraft:play_time":2825,"minecraft:sprint_one_cm":9302,"minecraft:time_since_death":2825,"minecraft:walk_on_water_one_cm":200,"minecraft:walk_one_cm":3277,"minecraft:sneak_time":39,"minecraft:total_world_time":2825,"minecraft:walk_under_water_one_cm":83,"minecraft:swim_one_cm":677,"minecraft:fall_one_cm":1240,"minecraft:drop":12,"minecraft:fly_one_cm":94647},"minecraft:dropped":{"minecraft:sand":7,"minecraft:stick":8},"minecraft:picked_up":{"minecraft:stick":8,"minecraft:sand":7}},"DataVersion":3953}